Feature,Importance
HSC_Marks,0.1998093361619676
AptitudeTestScore,0.17466707441346468
SSC_Marks,0.1330525318501232
CGPA,0.12264417032021385
SoftSkillsRating,0.09092281584641627
ExtracurricularActivities,0.08587126002323348
Projects,0.08219424514869614
Workshops/Certifications,0.053767135148463235
Internships,0.0341603659415862
PlacementTraining,0.022911065145835373
