Feature,Coefficient
AptitudeTestScore,0.6108079114516879
PlacementTraining,0.39199044555142676
ExtracurricularActivities,0.36037111185815673
SSC_Marks,0.282627943575697
SoftSkillsRating,0.2634498874286403
CGPA,0.2574696395563262
Projects,0.2543560219318821
HSC_Marks,0.22118128418826427
Workshops/Certifications,0.09510163303958764
Internships,-0.010931533370765733
